<?xml version="1.0" encoding="UTF-8"?>
<!DOCTYPE suite SYSTEM "http://testng.org/testng-1.0.dtd">
<suite name="Banking">
 <listeners>
   <listener class-name="com.inetBanking.utilities.Reporting"></listener>
 </listeners>
  <test  name="Banking App Test">
  <parameter name="browser" value="chrome"></parameter>
    <classes>
         <class name="com.inetBanking.testCases.TC_LoginTest_001"/> 
         <!--   <class name="com.inetBanking.testCases.TC_LoginDDT_002"/>  -->
         <class name="com.inetBanking.testCases.TC_AddCustTest_003"/>
    </classes>
  </test> 
</suite> 
